link,cate_child,cate_main
cate,cate,Thoi Trang Nam
https://shopee.vn/%C3%81o-Kho%C3%A1c-cat.11035567.11035568,Áo Khoác,Thoi Trang Nam
https://shopee.vn/%C3%81o-Vest-v%C3%A0-Blazer-cat.11035567.11035572,Áo Vest và Blazer,Thoi Trang Nam
https://shopee.vn/%C3%81o-Hoodie-%C3%81o-Len-%C3%81o-N%E1%BB%89-cat.11035567.11035578,"Áo Hoodie, Áo Len & Áo Nỉ",Thoi Trang Nam
https://shopee.vn/Qu%E1%BA%A7n-Jeans-cat.11035567.11035583,Quần Jeans,Thoi Trang Nam
https://shopee.vn/Qu%E1%BA%A7n-D%C3%A0i-Qu%E1%BA%A7n-%C3%82u-cat.11035567.11035584,Quần Dài/Quần Âu,Thoi Trang Nam
https://shopee.vn/Qu%E1%BA%A7n-Short-cat.11035567.11035590,Quần Short,Thoi Trang Nam
https://shopee.vn/%C3%81o-cat.11035567.11035592,Áo,Thoi Trang Nam
https://shopee.vn/%C3%81o-Ba-L%E1%BB%97-cat.11035567.11035597,Áo Ba Lỗ,Thoi Trang Nam
https://shopee.vn/%C4%90%E1%BB%93-L%C3%B3t-cat.11035567.11035598,Đồ Lót,Thoi Trang Nam
https://shopee.vn/%C4%90%E1%BB%93-Ng%E1%BB%A7-cat.11035567.11035603,Đồ Ngủ,Thoi Trang Nam
https://shopee.vn/%C4%90%E1%BB%93-B%E1%BB%99-cat.11035567.11035604,Đồ Bộ,Thoi Trang Nam
https://shopee.vn/V%E1%BB%9B-T%E1%BA%A5t-cat.11035567.11035605,Vớ/Tất,Thoi Trang Nam
https://shopee.vn/Trang-Ph%E1%BB%A5c-Truy%E1%BB%81n-Th%E1%BB%91ng-cat.11035567.11035606,Trang Phục Truyền Thống,Thoi Trang Nam
https://shopee.vn/%C4%90%E1%BB%93-H%C3%B3a-Trang-cat.11035567.11035611,Đồ Hóa Trang,Thoi Trang Nam
https://shopee.vn/Trang-Ph%E1%BB%A5c-Ng%C3%A0nh-Ngh%E1%BB%81-cat.11035567.11035612,Trang Phục Ngành Nghề,Thoi Trang Nam
https://shopee.vn/Kh%C3%A1c-cat.11035567.11035613,Khác,Thoi Trang Nam
https://shopee.vn/Trang-S%E1%BB%A9c-Nam-cat.11035567.11035614,Trang Sức Nam,Thoi Trang Nam
https://shopee.vn/K%C3%ADnh-M%E1%BA%AFt-Nam-cat.11035567.11035620,Kính Mắt Nam,Thoi Trang Nam
https://shopee.vn/Th%E1%BA%AFt-L%C6%B0ng-Nam-cat.11035567.11035625,Thắt Lưng Nam,Thoi Trang Nam
https://shopee.vn/C%C3%A0-v%E1%BA%A1t-N%C6%A1-c%E1%BB%95-cat.11035567.11035626,Cà vạt & Nơ cổ,Thoi Trang Nam
https://shopee.vn/Ph%E1%BB%A5-Ki%E1%BB%87n-Nam-cat.11035567.11035627,Phụ Kiện Nam,Thoi Trang Nam
cate,cate,Thoi Trang Nu
https://shopee.vn/Qu%E1%BA%A7n-cat.11035639.11035648,Quần,Thoi Trang Nu
https://shopee.vn/Qu%E1%BA%A7n-%C4%91%C3%B9i-cat.11035639.11035652,Quần đùi,Thoi Trang Nu
https://shopee.vn/Ch%C3%A2n-v%C3%A1y-cat.11035639.11035656,Chân váy,Thoi Trang Nu
https://shopee.vn/Qu%E1%BA%A7n-jeans-cat.11035639.11035657,Quần jeans,Thoi Trang Nu
https://shopee.vn/%C4%90%E1%BA%A7m-V%C3%A1y-cat.11035639.11035658,Đầm/Váy,Thoi Trang Nu
https://shopee.vn/V%C3%A1y-c%C6%B0%E1%BB%9Bi-cat.11035639.11035659,Váy cưới,Thoi Trang Nu
https://shopee.vn/%C4%90%E1%BB%93-li%E1%BB%81n-th%C3%A2n-cat.11035639.11035660,Đồ liền thân,Thoi Trang Nu
https://shopee.vn/%C3%81o-kho%C3%A1c-%C3%81o-cho%C3%A0ng-Vest-cat.11035639.11035665,"Áo khoác, Áo choàng & Vest",Thoi Trang Nu
https://shopee.vn/%C3%81o-len-Cardigan-cat.11035639.11035672,Áo len & Cardigan,Thoi Trang Nu
https://shopee.vn/Hoodie-v%C3%A0-%C3%81o-n%E1%BB%89-cat.11035639.11035673,Hoodie và Áo nỉ,Thoi Trang Nu
https://shopee.vn/B%E1%BB%99-cat.11035639.11035677,Bộ,Thoi Trang Nu
https://shopee.vn/%C4%90%E1%BB%93-l%C3%B3t-cat.11035639.11035682,Đồ lót,Thoi Trang Nu
https://shopee.vn/%C4%90%E1%BB%93-ng%E1%BB%A7-cat.11035639.11035692,Đồ ngủ,Thoi Trang Nu
https://shopee.vn/%C3%81o-cat.11035639.11035640,Áo,Thoi Trang Nu
https://shopee.vn/%C4%90%E1%BB%93-t%E1%BA%ADp-cat.11035639.11035730,Đồ tập,Thoi Trang Nu
https://shopee.vn/%C4%90%E1%BB%93-B%E1%BA%A7u-cat.11035639.11035697,Đồ Bầu,Thoi Trang Nu
https://shopee.vn/%C4%90%E1%BB%93-truy%E1%BB%81n-th%E1%BB%91ng-cat.11035639.11035705,Đồ truyền thống,Thoi Trang Nu
https://shopee.vn/%C4%90%E1%BB%93-h%C3%B3a-trang-cat.11035639.11035711,Đồ hóa trang,Thoi Trang Nu
https://shopee.vn/V%E1%BA%A3i-cat.11035639.11035713,Vải,Thoi Trang Nu
https://shopee.vn/V%E1%BB%9B-T%E1%BA%A5t-cat.11035639.11035726,Vớ/ Tất,Thoi Trang Nu
https://shopee.vn/Kh%C3%A1c-cat.11035639.11035712,Khác,Thoi Trang Nu
cate,cate,Dien Thoai Phu kien
https://shopee.vn/%C4%90i%E1%BB%87n-tho%E1%BA%A1i-cat.11036030.11036031,Dien Thoai Phu Kien,dien thoai phu kien
https://shopee.vn/M%C3%A1y-t%C3%ADnh-b%E1%BA%A3ng-cat.11036030.11036041,Máy tính bảng,dien thoai phu kien
https://shopee.vn/Pin-D%E1%BB%B1-Ph%C3%B2ng-cat.11036030.11036048,Pin Dự Phòng,dien thoai phu kien
https://shopee.vn/Pin-G%E1%BA%AFn-Trong-C%C3%A1p-v%C3%A0-B%E1%BB%99-S%E1%BA%A1c-cat.11036030.11036054,"Pin Gắn Trong, Cáp và Bộ Sạc",dien thoai phu kien
https://shopee.vn/%E1%BB%90p-l%C6%B0ng-bao-da-Mi%E1%BA%BFng-d%C3%A1n-%C4%91i%E1%BB%87n-tho%E1%BA%A1i-cat.11036030.11036060,"Ốp lưng, bao da, Miếng dán điện thoại",dien thoai phu kien
https://shopee.vn/B%E1%BA%A3o-v%E1%BB%87-m%C3%A0n-h%C3%ACnh-cat.11036030.11036064,Bảo vệ màn hình,dien thoai phu kien
https://shopee.vn/%C4%90%E1%BA%BF-gi%E1%BB%AF-%C4%91i%E1%BB%87n-tho%E1%BA%A1i-cat.11036030.11036074,Đế giữ dien thoai phu kien
https://shopee.vn/Th%E1%BA%BB-nh%E1%BB%9B-cat.11036030.11036083,Thẻ nhớ,dien thoai phu kien
https://shopee.vn/Sim-cat.11036030.11036084,Sim,dien thoai phu kien
https://shopee.vn/Ph%E1%BB%A5-ki%E1%BB%87n-kh%C3%A1c-cat.11036030.11036091,Phụ kiện khác,dien thoai phu kien
https://shopee.vn/Thi%E1%BA%BFt-b%E1%BB%8B-kh%C3%A1c-cat.11036030.11036097,Thiết bị khác,dien thoai phu kien
cate,cate,Me BE
https://shopee.vn/%C4%90%E1%BB%93-d%C3%B9ng-du-l%E1%BB%8Bch-cho-b%C3%A9-cat.11036194.11036195,Đồ dùng du lịch cho bé,ME BE
https://shopee.vn/%C4%90%E1%BB%93-d%C3%B9ng-%C4%83n-d%E1%BA%B7m-cho-b%C3%A9-cat.11036194.11036204,Đồ dùng ăn dặm cho bé,ME BE
https://shopee.vn/Ph%E1%BB%A5-ki%E1%BB%87n-cho-m%E1%BA%B9-cat.11036194.11036213,Phụ kiện cho mẹ,ME BE
https://shopee.vn/Ch%C4%83m-s%C3%B3c-s%E1%BB%A9c-kh%E1%BB%8Fe-m%E1%BA%B9-cat.11036194.11036217,Chăm sóc sức khỏe mẹ,ME BE
https://shopee.vn/%C4%90%E1%BB%93-d%C3%B9ng-ph%C3%B2ng-t%E1%BA%AFm-Ch%C4%83m-s%C3%B3c-c%C6%A1-th%E1%BB%83-b%C3%A9-cat.11036194.11036222,Đồ dùng phòng tắm & Chăm sóc cơ thể bé,ME BE
https://shopee.vn/%C4%90%E1%BB%93-d%C3%B9ng-ph%C3%B2ng-ng%E1%BB%A7-cho-b%C3%A9-cat.11036194.11036233,Đồ dùng phòng ngủ cho bé,ME BE
https://shopee.vn/An-to%C3%A0n-cho-b%C3%A9-cat.11036194.11036240,An toàn cho bé,ME BE
https://shopee.vn/Th%E1%BB%B1c-ph%E1%BA%A9m-cho-b%C3%A9-cat.11036194.11036248,Thực phẩm cho bé,ME BE
https://shopee.vn/Ch%C4%83m-s%C3%B3c-s%E1%BB%A9c-kh%E1%BB%8Fe-b%C3%A9-cat.11036194.11036253,Chăm sóc sức khỏe bé,ME BE
https://shopee.vn/T%C3%A3-b%C3%B4-em-b%C3%A9-cat.11036194.11036260,Tã & bô em bé,ME BE
https://shopee.vn/%C4%90%E1%BB%93-ch%C6%A1i-cat.11036194.11036266,Đồ chơi,ME BE
https://shopee.vn/B%E1%BB%99-G%C3%B3i-qu%C3%A0-t%E1%BA%B7ng-cat.11036194.11036277,Bộ & Gói quà tặng,ME BE
https://shopee.vn/Kh%C3%A1c-cat.11036194.11036278,Khác,ME BE
https://shopee.vn/S%E1%BB%AFa-c%C3%B4ng-th%E1%BB%A9c-tr%C3%AAn-24-th%C3%A1ng-cat.11036194.11059299,Sữa công thức trên 24 tháng,ME BE
https://shopee.vn/S%E1%BB%AFa-c%C3%B4ng-th%E1%BB%A9c-0-24-th%C3%A1ng-tu%E1%BB%95i-cat.11036194.11059300,Sữa công thức 0-24 tháng tuổi,ME BE
cate,cate,Thiet Bi Dien Tu
https://shopee.vn/Thi%E1%BA%BFt-b%E1%BB%8B-%C4%91eo-th%C3%B4ng-minh-cat.11036132.11036160,Thiết bị đeo thông minh,Thiet Bi Dien Tu
https://shopee.vn/Ph%E1%BB%A5-ki%E1%BB%87n-tivi-cat.11036132.11036167,Phụ kiện tivi,Thiet Bi Dien Tu
https://shopee.vn/M%C3%A1y-Game-Console-cat.11036132.11036172,Máy Game Console,Thiet Bi Dien Tu
https://shopee.vn/Ph%E1%BB%A5-ki%E1%BB%87n-Console-cat.11036132.11036182,Phụ kiện Console,Thiet Bi Dien Tu
https://shopee.vn/%C4%90%C4%A9a-game-cat.11036132.11036184,Đĩa game,Thiet Bi Dien Tu
https://shopee.vn/Linh-ph%E1%BB%A5-ki%E1%BB%87n-cat.11036132.11036133,Linh phụ kiện,Thiet Bi Dien Tu
https://shopee.vn/Tai-nghe-nh%C3%A9t-tai-cat.11036132.11036143,Tai nghe nhét tai,Thiet Bi Dien Tu
https://shopee.vn/Loa-cat.11036132.11036135,Loa,Thiet Bi Dien Tu
https://shopee.vn/Tivi-cat.11036132.11036151,Tivi,Thiet Bi Dien Tu
https://shopee.vn/Tivi-Box-cat.11036132.11036157,Tivi Box,Thiet Bi Dien Tu
https://shopee.vn/Headphones-cat.11036132.11109141,Headphones,Thiet Bi Dien Tu
cate,cate,Nha  Cua Doi Song
https://shopee.vn/Ch%C4%83n-Ga-G%E1%BB%91i-N%E1%BB%87m-cat.11036670.11036683,"Chăn, Ga, Gối & Nệm",Nha  Cua Doi Song
https://shopee.vn/%C4%90%E1%BB%93-n%E1%BB%99i-th%E1%BA%A5t-cat.11036670.11036695,Đồ nội thất,Nha  Cua Doi Song
https://shopee.vn/Trang-tr%C3%AD-nh%C3%A0-c%E1%BB%ADa-cat.11036670.11036717,Trang trí nhà cửa,Nha  Cua Doi Song
https://shopee.vn/D%E1%BB%A5ng-c%E1%BB%A5-Thi%E1%BA%BFt-b%E1%BB%8B-ti%E1%BB%87n-%C3%ADch-cat.11036670.11036732,Dụng cụ & Thiết bị tiện ích,Nha  Cua Doi Song
https://shopee.vn/%C4%90%E1%BB%93-d%C3%B9ng-nh%C3%A0-b%E1%BA%BFp-v%C3%A0-h%E1%BB%99p-%C4%91%E1%BB%B1ng-th%E1%BB%B1c-ph%E1%BA%A9m-cat.11036670.11036748,Đồ dùng nhà bếp và hộp đựng thực phẩm,Nha  Cua Doi Song
https://shopee.vn/%C4%90%C3%A8n-cat.11036670.11036760,Đèn,Nha  Cua Doi Song
https://shopee.vn/Ngo%C3%A0i-tr%E1%BB%9Di-S%C3%A2n-v%C6%B0%E1%BB%9Dn-cat.11036670.11036776,Ngoài trời & Sân vườn,Nha  Cua Doi Song
https://shopee.vn/%C4%90%E1%BB%93-d%C3%B9ng-ph%C3%B2ng-t%E1%BA%AFm-cat.11036670.11036671,Đồ dùng phòng tắm,Nha  Cua Doi Song
https://shopee.vn/V%E1%BA%ADt-ph%E1%BA%A9m-th%E1%BB%9D-c%C3%BAng-cat.11036670.11111670,Vật phẩm thờ cúng,Nha  Cua Doi Song
https://shopee.vn/%C4%90%E1%BB%93-trang-tr%C3%AD-ti%E1%BB%87c-cat.11036670.11111669,Đồ trang trí tiệc,Nha  Cua Doi Song
https://shopee.vn/Ch%C4%83m-s%C3%B3c-nh%C3%A0-c%E1%BB%ADa-v%C3%A0-gi%E1%BA%B7t-%E1%BB%A7i-cat.11036670.11111665,Chăm sóc nhà cửa và giặt ủi,Nha  Cua Doi Song
https://shopee.vn/S%E1%BA%AFp-x%E1%BA%BFp-nh%C3%A0-c%E1%BB%ADa-cat.11036670.11111668,Sắp xếp nhà cửa,Nha  Cua Doi Song
https://shopee.vn/D%E1%BB%A5ng-c%E1%BB%A5-pha-ch%E1%BA%BF-cat.11036670.11111666,Dụng cụ pha chế,Nha  Cua Doi Song
https://shopee.vn/Tinh-d%E1%BA%A7u-th%C6%A1m-ph%C3%B2ng-cat.11036670.11111664,Tinh dầu thơm phòng,Nha  Cua Doi Song
https://shopee.vn/%C4%90%E1%BB%93-d%C3%B9ng-ph%C3%B2ng-%C4%83n-cat.11036670.11111667,Đồ dùng phòng ăn,Nha  Cua Doi Song
cate,cate,May Tinh Lap Top
https://shopee.vn/M%C3%A1y-T%C3%ADnh-B%C3%A0n-cat.11035954.11035955,Máy Tính Bàn,May Tinh Lap Top
https://shopee.vn/M%C3%A0n-H%C3%ACnh-cat.11035954.11035961,Màn Hình,May Tinh Lap Top
https://shopee.vn/Linh-Ki%E1%BB%87n-M%C3%A1y-T%C3%ADnh-cat.11035954.11035962,Linh Kiện Máy Tính,May Tinh Lap Top
https://shopee.vn/Thi%E1%BA%BFt-B%E1%BB%8B-L%C6%B0u-Tr%E1%BB%AF-cat.11035954.11035975,Thiết Bị Lưu Trữ,May Tinh Lap Top
https://shopee.vn/Thi%E1%BA%BFt-B%E1%BB%8B-M%E1%BA%A1ng-cat.11035954.11035983,Thiết Bị Mạng,May Tinh Lap Top
https://shopee.vn/M%C3%A1y-In-M%C3%A1y-Scan-M%C3%A1y-Chi%E1%BA%BFu-cat.11035954.11035993,"Máy In, Máy Scan & Máy Chiếu",May Tinh Lap Top
https://shopee.vn/Ph%E1%BB%A5-Ki%E1%BB%87n-M%C3%A1y-T%C3%ADnh-cat.11035954.11036000,Phụ Kiện Máy Tính,May Tinh Lap Top
https://shopee.vn/Laptop-cat.11035954.11036015,Laptop,May Tinh Lap Top
https://shopee.vn/Kh%C3%A1c-cat.11035954.11036016,Khác,May Tinh Lap Top
https://shopee.vn/Gaming-cat.11035954.11036023,Gaming,May Tinh Lap Top
cate,cate,Sac Dep
https://shopee.vn/Ch%C4%83m-s%C3%B3c-da-m%E1%BA%B7t-cat.11036279.11036328,Chăm sóc da mặt,Sac Dep
https://shopee.vn/T%E1%BA%AFm-ch%C4%83m-s%C3%B3c-c%C6%A1-th%E1%BB%83-cat.11036279.11036280,Tắm & chăm sóc cơ thể,Sac Dep
https://shopee.vn/Trang-%C4%91i%E1%BB%83m-cat.11036279.11036314,Trang điểm,Sac Dep
https://shopee.vn/Ch%C4%83m-s%C3%B3c-t%C3%B3c-cat.11036279.11036297,Chăm sóc tóc,Sac Dep
https://shopee.vn/D%E1%BB%A5ng-c%E1%BB%A5-Ph%E1%BB%A5-ki%E1%BB%87n-L%C3%A0m-%C4%91%E1%BA%B9p-cat.11036279.11036321,Dụng cụ & Phụ kiện Làm đẹp,Sac Dep
https://shopee.vn/V%E1%BB%87-sinh-r%C4%83ng-mi%E1%BB%87ng-cat.11036279.11111646,Vệ sinh răng miệng,Sac Dep
https://shopee.vn/N%C6%B0%E1%BB%9Bc-hoa-cat.11036279.11036310,Nước hoa,Sac Dep
https://shopee.vn/Ch%C4%83m-s%C3%B3c-nam-gi%E1%BB%9Bi-cat.11036279.11036304,Chăm sóc nam giới,Sac Dep
https://shopee.vn/Kh%C3%A1c-cat.11036279.11036344,Khác,Sac Dep
https://shopee.vn/Ch%C4%83m-s%C3%B3c-ph%E1%BB%A5-n%E1%BB%AF-cat.11036279.11111647,Chăm sóc phụ nữ,Sac Dep
https://shopee.vn/B%E1%BB%99-s%E1%BA%A3n-ph%E1%BA%A9m-l%C3%A0m-%C4%91%E1%BA%B9p-cat.11036279.11036343,Bộ sản phẩm làm đẹp,Sac Dep
cate,cate,May Anh May Quay Phim
https://shopee.vn/M%C3%A1y-%E1%BA%A3nh-M%C3%A1y-quay-phim-cat.11036101.11036102,Máy ảnh - Máy quay phim,May Anh May Quay Phim
https://shopee.vn/Camera-gi%C3%A1m-s%C3%A1t-Camera-h%E1%BB%87-th%E1%BB%91ng-cat.11036101.11036109,Camera giám sát & Camera hệ thống,May Anh May Quay Phim
https://shopee.vn/Th%E1%BA%BB-nh%E1%BB%9B-cat.11036101.11036114,Thẻ nhớ,May Anh May Quay Phim
https://shopee.vn/%E1%BB%90ng-k%C3%ADnh-cat.11036101.11036115,Ống kính,May Anh May Quay Phim
https://shopee.vn/Ph%E1%BB%A5-ki%E1%BB%87n-m%C3%A1y-%E1%BA%A3nh-cat.11036101.11036119,Phụ kiện máy ảnh,May Anh May Quay Phim
https://shopee.vn/M%C3%A1y-bay-camera-Ph%E1%BB%A5-ki%E1%BB%87n-cat.11036101.11036129,Máy bay camera & Phụ kiện,May Anh May Quay Phim
cate,cate,Suc Khoe
https://shopee.vn/V%E1%BA%ADt-t%C6%B0-y-t%E1%BA%BF-cat.11036345.11036352,Vật tư y tế,Suc Khoe
https://shopee.vn/Ch%E1%BB%91ng-mu%E1%BB%97i-xua-%C4%91u%E1%BB%95i-c%C3%B4n-tr%C3%B9ng-cat.11036345.11036373,Chống muỗi & xua đuổi côn trùng,Suc Khoe
https://shopee.vn/Th%E1%BB%B1c-ph%E1%BA%A9m-ch%E1%BB%A9c-n%C4%83ng-cat.11036345.11036346,Thực phẩm chức năng,Suc Khoe
https://shopee.vn/T%C3%A3-ng%C6%B0%E1%BB%9Di-l%E1%BB%9Bn-cat.11036345.11036370,Tã người lớn,Suc Khoe
https://shopee.vn/H%E1%BB%97-tr%E1%BB%A3-l%C3%A0m-%C4%91%E1%BA%B9p-cat.11036345.11036348,Hỗ trợ làm đẹp,Suc Khoe
https://shopee.vn/H%E1%BB%97-tr%E1%BB%A3-t%C3%ACnh-d%E1%BB%A5c-cat.11036345.11036375,Hỗ trợ tình dục,Suc Khoe
https://shopee.vn/D%E1%BB%A5ng-c%E1%BB%A5-massage-v%C3%A0-tr%E1%BB%8B-li%E1%BB%87u-cat.11036345.11036372,Dụng cụ massage và trị liệu,Suc Khoe
https://shopee.vn/Kh%C3%A1c-cat.11036345.11036381,Khác,Suc Khoe
cate,cate,dong ho
https://shopee.vn/%C4%90%E1%BB%93ng-H%E1%BB%93-Nam-cat.11035788.11035789,Đồng Hồ Nam,dong ho
https://shopee.vn/%C4%90%E1%BB%93ng-H%E1%BB%93-N%E1%BB%AF-cat.11035788.11035790,Đồng Hồ Nữ,dong ho
https://shopee.vn/B%E1%BB%99-%C4%90%E1%BB%93ng-H%E1%BB%93-%C4%90%E1%BB%93ng-H%E1%BB%93-C%E1%BA%B7p-cat.11035788.11035791,Bộ Đồng Hồ & Đồng Hồ Cặp,dong ho
https://shopee.vn/%C4%90%E1%BB%93ng-H%E1%BB%93-Tr%E1%BA%BB-Em-cat.11035788.11035792,Đồng Hồ Trẻ Em,dong ho
https://shopee.vn/Ph%E1%BB%A5-Ki%E1%BB%87n-%C4%90%E1%BB%93ng-H%E1%BB%93-cat.11035788.11035793,Phụ Kiện Đồng Hồ,dong ho
https://shopee.vn/Kh%C3%A1c-cat.11035788.11035800,Khác,dong ho
cate,cate,Giay Dep Nu
https://shopee.vn/B%E1%BB%91t-cat.11035825.11035826,Bốt,Giay Dep Nu
https://shopee.vn/Gi%C3%A0y-Th%E1%BB%83-Thao-Sneaker-cat.11035825.11035830,Giày Thể Thao/ Sneaker,Giay Dep Nu
https://shopee.vn/Gi%C3%A0y-%C4%90%E1%BA%BF-B%E1%BA%B1ng-cat.11035825.11035831,Giày Đế Bằng,Giay Dep Nu
https://shopee.vn/Gi%C3%A0y-Cao-G%C3%B3t-cat.11035825.11035837,Giày Cao Gót,Giay Dep Nu
https://shopee.vn/Gi%C3%A0y-%C4%90%E1%BA%BF-Xu%E1%BB%93ng-cat.11035825.11035838,Giày Đế Xuồng,Giay Dep Nu
https://shopee.vn/X%C4%83ng-%C4%91an-V%C3%A0-D%C3%A9p-cat.11035825.11035839,Xăng-đan Và Dép,Giay Dep Nu
https://shopee.vn/Ph%E1%BB%A5-Ki%E1%BB%87n-Gi%C3%A0y-cat.11035825.11035845,Phụ Kiện Giày,Giay Dep Nu
https://shopee.vn/Gi%C3%A0y-Kh%C3%A1c-cat.11035825.11035852,Giày Khác,Giay Dep Nu
https://shopee.vn/B%E1%BB%91t-cat.11035801.11035802,Bốt,Giay Dep Nu
https://shopee.vn/Gi%C3%A0y-Th%E1%BB%83-Thao-Sneakers-cat.11035801.11035807,Giày Thể Thao/ Sneakers,Giay Dep Nu
https://shopee.vn/Gi%C3%A0y-S%E1%BB%A5c-cat.11035801.11035808,Giày Sục,Giay Dep Nu
https://shopee.vn/Gi%C3%A0y-T%C3%A2y-L%C6%B0%E1%BB%9Di-cat.11035801.11035809,Giày Tây Lười,Giay Dep Nu
https://shopee.vn/Gi%C3%A0y-Oxfords-Gi%C3%A0y-Bu%E1%BB%99c-D%C3%A2y-cat.11035801.11035810,Giày Oxfords & Giày Buộc Dây,Giay Dep Nu
https://shopee.vn/X%C4%83ng-%C4%91an-v%C3%A0-D%C3%A9p-cat.11035801.11035811,Xăng-đan và Dép,Giay Dep Nu
https://shopee.vn/Ph%E1%BB%A5-ki%E1%BB%87n-gi%C3%A0y-d%C3%A9p-cat.11035801.11035817,Phụ kiện giày dép,Giay Dep Nu
https://shopee.vn/Kh%C3%A1c-cat.11035801.11035824,Khác,Giay Dep Nu
cate,cate,TuI Vi Nu
https://shopee.vn/Ba-L%C3%B4-N%E1%BB%AF-cat.11035761.11035762,Ba Lô Nữ,TuI Vi Nu
https://shopee.vn/C%E1%BA%B7p-Laptop-cat.11035761.11035763,Cặp Laptop,TuI Vi Nu
https://shopee.vn/V%C3%AD-D%E1%BB%B1-Ti%E1%BB%87c-V%C3%AD-C%E1%BA%A7m-Tay-cat.11035761.11035768,Ví Dự Tiệc & Ví Cầm Tay,TuI Vi Nu
https://shopee.vn/T%C3%BAi-%C4%90eo-H%C3%B4ng-T%C3%BAi-%C4%90eo-Ng%E1%BB%B1c-cat.11035761.11035769,Túi Đeo Hông & Túi Đeo Ngực,TuI Vi Nu
https://shopee.vn/T%C3%BAi-Tote-cat.11035761.11035770,Túi Tote,TuI Vi Nu
https://shopee.vn/T%C3%BAi-Quai-X%C3%A1ch-cat.11035761.11035771,Túi Quai Xách,TuI Vi Nu
https://shopee.vn/T%C3%BAi-%C4%90eo-Ch%C3%A9o-T%C3%BAi-%C4%90eo-Vai-cat.11035761.11035772,Túi Đeo Chéo & Túi Đeo Vai,TuI Vi Nu
https://shopee.vn/V%C3%AD-B%C3%B3p-N%E1%BB%AF-cat.11035761.11035773,Ví/Bóp Nữ,TuI Vi Nu
https://shopee.vn/Ph%E1%BB%A5-Ki%E1%BB%87n-T%C3%BAi-cat.11035761.11035780,Phụ Kiện Túi,TuI Vi Nu
https://shopee.vn/Kh%C3%A1c-cat.11035761.11035787,Khác,TuI Vi Nu
cate,cate,Thiet Bi Da Dung
https://shopee.vn/%C4%90%E1%BB%93-gia-d%E1%BB%A5ng-nh%C3%A0-b%E1%BA%BFp-cat.11036971.11036972,Đồ gia dụng nhà bếp,Thiet Bi Da Dung
https://shopee.vn/%C4%90%E1%BB%93-gia-d%E1%BB%A5ng-l%E1%BB%9Bn-cat.11036971.11036990,Đồ gia dụng lớn,Thiet Bi Da Dung
https://shopee.vn/M%C3%A1y-h%C3%BAt-b%E1%BB%A5i-Thi%E1%BA%BFt-b%E1%BB%8B-l%C3%A0m-s%E1%BA%A1ch-cat.11036971.11037000,Máy hút bụi & Thiết bị làm sạch,Thiet Bi Da Dung
https://shopee.vn/Qu%E1%BA%A1t-M%C3%A1y-n%C3%B3ng-l%E1%BA%A1nh-cat.11036971.11037007,Quạt & Máy nóng lạnh,Thiet Bi Da Dung
https://shopee.vn/Thi%E1%BA%BFt-b%E1%BB%8B-ch%C4%83m-s%C3%B3c-qu%E1%BA%A7n-%C3%A1o-cat.11036971.11037016,Thiết bị chăm sóc quần áo,Thiet Bi Da Dung
https://shopee.vn/Kh%C3%A1c-cat.11036971.11037023,Khác,Thiet Bi Da Dung
https://shopee.vn/M%C3%A1y-xay-%C3%A9p-m%C3%A1y-%C4%91%C3%A1nh-tr%E1%BB%A9ng-tr%E1%BB%99n-b%E1%BB%99t-m%C3%A1y-xay-th%E1%BB%B1c-ph%E1%BA%A9m-cat.11036971.11111623,"Máy xay, ép, máy đánh trứng trộn bột, máy xay thực phẩm",Thiet Bi Da Dung
cate,cate,Phu Kien Trang Suc Nu
https://shopee.vn/B%E1%BA%BFp-%C4%91i%E1%BB%87n-cat.11036971.11111620,Bếp điện,Phu Kien Trang Suc Nu
https://shopee.vn/Nh%E1%BA%ABn-cat.11035853.11035854,Nhẫn,Phu Kien Trang Suc Nu
https://shopee.vn/B%C3%B4ng-tai-cat.11035853.11035855,Bông tai,Phu Kien Trang Suc Nu
https://shopee.vn/Kh%C4%83n-cho%C3%A0ng-cat.11035853.11035856,Khăn choàng,Phu Kien Trang Suc Nu
https://shopee.vn/G%C4%83ng-tay-cat.11035853.11035857,Găng tay,Phu Kien Trang Suc Nu
https://shopee.vn/Ph%E1%BB%A5-ki%E1%BB%87n-t%C3%B3c-cat.11035853.11035858,Phụ kiện tóc,Phu Kien Trang Suc Nu
https://shopee.vn/V%C3%B2ng-tay-L%E1%BA%AFc-tay-cat.11035853.11035865,Vòng tay & Lắc tay,Phu Kien Trang Suc Nu
https://shopee.vn/L%E1%BA%AFc-ch%C3%A2n-cat.11035853.11035866,Lắc chân,Phu Kien Trang Suc Nu
https://shopee.vn/M%C5%A9-cat.11035853.11035867,Mũ,Phu Kien Trang Suc Nu
https://shopee.vn/D%C3%A2y-chuy%E1%BB%81n-cat.11035853.11035868,Dây chuyền,Phu Kien Trang Suc Nu
https://shopee.vn/K%C3%ADnh-m%E1%BA%AFt-cat.11035853.11035869,Kính mắt,Phu Kien Trang Suc Nu
https://shopee.vn/Kim-lo%E1%BA%A1i-qu%C3%BD-cat.11035853.11035874,Kim loại quý,Phu Kien Trang Suc Nu
https://shopee.vn/Th%E1%BA%AFt-l%C6%B0ng-cat.11035853.11035880,Thắt lưng,Phu Kien Trang Suc Nu
https://shopee.vn/C%C3%A0-v%E1%BA%A1t-N%C6%A1-c%E1%BB%95-cat.11035853.11035881,Cà vạt & Nơ cổ,Phu Kien Trang Suc Nu
https://shopee.vn/Ph%E1%BB%A5-ki%E1%BB%87n-th%C3%AAm-cat.11035853.11035882,Phụ kiện thêm,Phu Kien Trang Suc Nu
https://shopee.vn/B%E1%BB%99-ph%E1%BB%A5-ki%E1%BB%87n-cat.11035853.11035891,Bộ phụ kiện,Phu Kien Trang Suc Nu
https://shopee.vn/Kh%C3%A1c-cat.11035853.11035892,Khác,Phu Kien Trang Suc Nu
https://shopee.vn/V%E1%BB%9B-T%E1%BA%A5t-cat.11035853.11035893,Vớ/ Tất,Phu Kien Trang Suc Nu
https://shopee.vn/%C3%94-D%C3%B9-cat.11035853.11035897,Ô/Dù,Phu Kien Trang Suc Nu
cate,cate,The Thao Du Lich
https://shopee.vn/Vali-cat.11035478.11035479,Vali,The Thao Du Lich
https://shopee.vn/T%C3%BAi-du-l%E1%BB%8Bch-cat.11035478.11035487,Túi du lịch,The Thao Du Lich
https://shopee.vn/Ph%E1%BB%A5-ki%E1%BB%87n-du-l%E1%BB%8Bch-cat.11035478.11035492,Phụ kiện du lịch,The Thao Du Lich
https://shopee.vn/D%E1%BB%A5ng-C%E1%BB%A5-Th%E1%BB%83-Thao-D%C3%A3-Ngo%E1%BA%A1i-cat.11035478.11035503,Dụng Cụ Thể Thao & Dã Ngoại,The Thao Du Lich
https://shopee.vn/Gi%C3%A0y-Th%E1%BB%83-Thao-cat.11035478.11035531,Giày Thể Thao,The Thao Du Lich
https://shopee.vn/Th%E1%BB%9Di-Trang-Th%E1%BB%83-Thao-D%C3%A3-Ngo%E1%BA%A1i-cat.11035478.11035543,Thời Trang Thể Thao & Dã Ngoại,The Thao Du Lich
https://shopee.vn/Ph%E1%BB%A5-Ki%E1%BB%87n-Th%E1%BB%83-Thao-D%C3%A3-Ngo%E1%BA%A1i-cat.11035478.11035553,Phụ Kiện Thể Thao & Dã Ngoại,The Thao Du Lich
https://shopee.vn/Kh%C3%A1c-cat.11035478.11035566,Khác,The Thao Du Lich
cate,cate,Đồ ăn vặt,Bach Hoa Online
https://shopee.vn/%C4%90%E1%BB%93-%C4%83n-v%E1%BA%B7t-cat.11036525.11036532,Đồ ăn vặt,Bach Hoa Online
https://shopee.vn/%C4%90%E1%BB%93-ch%E1%BA%BF-bi%E1%BA%BFn-s%E1%BA%B5n-cat.11036525.11036526,Đồ chế biến sẵn,Bach Hoa Online
https://shopee.vn/Nhu-y%E1%BA%BFu-ph%E1%BA%A9m-cat.11036525.11036544,Nhu yếu phẩm,Bach Hoa Online
https://shopee.vn/Nguy%C3%AAn-li%E1%BB%87u-n%E1%BA%A5u-%C4%83n-cat.11036525.11036552,Nguyên liệu nấu ăn,Bach Hoa Online
https://shopee.vn/%C4%90%E1%BB%93-l%C3%A0m-b%C3%A1nh-cat.11036525.11036562,Đồ làm bánh,Bach Hoa Online
https://shopee.vn/S%E1%BB%AFa-tr%E1%BB%A9ng-cat.11036525.11036591,Sữa - trứng,Bach Hoa Online
https://shopee.vn/%C4%90%E1%BB%93-u%E1%BB%91ng-cat.11036525.11036576,Đồ uống,Bach Hoa Online
https://shopee.vn/Ng%C5%A9-c%E1%BB%91c-m%E1%BB%A9t-cat.11036525.11036570,Ngũ cốc & mứt,Bach Hoa Online
https://shopee.vn/C%C3%A1c-lo%E1%BA%A1i-b%C3%A1nh-cat.11036525.11036611,Các loại bánh,Bach Hoa Online
https://shopee.vn/%C4%90%E1%BB%93-u%E1%BB%91ng-c%C3%B3-c%E1%BB%93n-cat.11036525.11036616,Đồ uống có cồn,Bach Hoa Online
https://shopee.vn/B%E1%BB%99-qu%C3%A0-t%E1%BA%B7ng-cat.11036525.11036622,Bộ quà tặng,Bach Hoa Online
https://shopee.vn/Th%E1%BB%B1c-ph%E1%BA%A9m-t%C6%B0%C6%A1i-s%E1%BB%91ng-v%C3%A0-th%E1%BB%B1c-ph%E1%BA%A9m-%C4%91%C3%B4ng-l%E1%BA%A1nh-cat.11036525.11036601,Thực phẩm tươi sống và thực phẩm đông lạnh,Bach Hoa Online
https://shopee.vn/Kh%C3%A1c-cat.11036525.11036623,Khác,Bach Hoa Online
https://shopee.vn/Xe-%C4%91%E1%BA%A1p-xe-%C4%91i%E1%BB%87n-cat.11036793.11036794,"Xe đạp, xe điện",O To Xe May Xe Dap
https://shopee.vn/M%C3%B4-t%C3%B4-xe-m%C3%A1y-cat.11036793.11036804,"Mô tô, xe máy",O To Xe May Xe Dap
https://shopee.vn/Xe-%C3%94-t%C3%B4-cat.11036793.11036811,Xe Ô tô,O To Xe May Xe Dap
https://shopee.vn/M%C5%A9-b%E1%BA%A3o-hi%E1%BB%83m-cat.11036793.11036817,Mũ bảo hiểm,O To Xe May Xe Dap
https://shopee.vn/Ph%E1%BB%A5-ki%E1%BB%87n-xe-m%C3%A1y-cat.11036793.11036824,Phụ kiện xe máy,O To Xe May Xe Dap
https://shopee.vn/Ph%E1%BB%A5-ki%E1%BB%87n-xe-%C4%91%E1%BA%A1p-cat.11036793.11036846,Phụ kiện xe đạp,O To Xe May Xe Dap
https://shopee.vn/Ph%E1%BB%A5-ki%E1%BB%87n-b%C3%AAn-trong-%C3%B4-t%C3%B4-cat.11036793.11108984,Phụ kiện bên trong ô tô,O To Xe May Xe Dap
https://shopee.vn/D%E1%BA%A7u-nh%E1%BB%9Bt-d%E1%BA%A7u-nh%E1%BB%9Dn-cat.11036793.11108967,Dầu nhớt & dầu nhờn,O To Xe May Xe Dap
https://shopee.vn/Ph%E1%BB%A5-t%C3%B9ng-%C3%B4-t%C3%B4-cat.11036793.11109015,Phụ tùng ô tô,O To Xe May Xe Dap
https://shopee.vn/Ph%E1%BB%A5-t%C3%B9ng-xe-m%C3%A1y-cat.11036793.11108953,Phụ tùng xe máy,O To Xe May Xe Dap
https://shopee.vn/Ph%E1%BB%A5-ki%E1%BB%87n-b%C3%AAn-ngo%C3%A0i-%C3%B4-t%C3%B4-cat.11036793.11109002,Phụ kiện bên ngoài ô tô,O To Xe May Xe Dap
https://shopee.vn/Ch%C4%83m-s%C3%B3c-%C3%B4-t%C3%B4-cat.11036793.11108974,Chăm sóc ô tô,O To Xe May Xe Dap
https://shopee.vn/D%E1%BB%8Bch-v%E1%BB%A5-cho-xe-cat.11036793.11116267,Dịch vụ cho xe,O To Xe May Xe Dap
https://shopee.vn/S%C3%A1ch-Ti%E1%BA%BFng-Vi%E1%BB%87t-cat.11036863.11108503,Sách Tiếng Việt,Nha Sach Online
https://shopee.vn/S%C3%A1ch-ngo%E1%BA%A1i-v%C4%83n-cat.11036863.11108540,Sách ngoại văn,Nha Sach Online
https://shopee.vn/G%C3%B3i-Qu%C3%A0-cat.11036863.11108576,Gói Quà,Nha Sach Online
https://shopee.vn/B%C3%BAt-vi%E1%BA%BFt-cat.11036863.11108584,Bút viết,Nha Sach Online
https://shopee.vn/D%E1%BB%A5ng-c%E1%BB%A5-h%E1%BB%8Dc-sinh-v%C4%83n-ph%C3%B2ng-cat.11036863.11108591,Dụng cụ học sinh & văn phòng,Nha Sach Online
https://shopee.vn/M%C3%A0u-H%E1%BB%8Da-C%E1%BB%A5-v%C3%A0-%C4%90%E1%BB%93-Th%E1%BB%A7-C%C3%B4ng-cat.11036863.11108635,"Màu, Họa Cụ và Đồ Thủ Công",Nha Sach Online
https://shopee.vn/S%E1%BB%95-v%C3%A0-Gi%E1%BA%A5y-C%C3%A1c-Lo%E1%BA%A1i-cat.11036863.11108610,Sổ và Giấy Các Loại,Nha Sach Online
https://shopee.vn/Qu%C3%A0-L%C6%B0u-Ni%E1%BB%87m-cat.11036863.11036914,Quà Lưu Niệm,Nha Sach Online
https://shopee.vn/Nh%E1%BA%A1c-c%E1%BB%A5-v%C3%A0-ph%E1%BB%A5-ki%E1%BB%87n-%C3%A2m-nh%E1%BA%A1c-cat.11036863.11108624,Nhạc cụ và phụ kiện âm nhạc,Nha Sach Online
https://shopee.vn/Ba-L%C3%B4-Nam-cat.11035741.11035742,Ba Lô Nam,Ba Lo Tui Vi Nam
https://shopee.vn/Ba-L%C3%B4-Laptop-Nam-cat.11035741.11035743,Ba Lô Laptop Nam,Ba Lo Tui Vi Nam
https://shopee.vn/T%C3%BAi-C%E1%BA%B7p-%C4%90%E1%BB%B1ng-Laptop-cat.11035741.11035744,Túi & Cặp Đựng Laptop,Ba Lo Tui Vi Nam
https://shopee.vn/T%C3%BAi-Ch%E1%BB%91ng-S%E1%BB%91c-Laptop-Nam-cat.11035741.11035747,Túi Chống Sốc Laptop Nam,Ba Lo Tui Vi Nam
https://shopee.vn/T%C3%BAi-Tote-Nam-cat.11035741.11035748,Túi Tote Nam,Ba Lo Tui Vi Nam
https://shopee.vn/C%E1%BA%B7p-X%C3%A1ch-C%C3%B4ng-S%E1%BB%9F-Nam-cat.11035741.11035749,Cặp Xách Công Sở Nam,Ba Lo Tui Vi Nam
https://shopee.vn/V%C3%AD-C%E1%BA%A7m-Tay-Nam-cat.11035741.11035750,Ví Cầm Tay Nam,Ba Lo Tui Vi Nam
https://shopee.vn/T%C3%BAi-%C4%90eo-H%C3%B4ng-T%C3%BAi-%C4%90eo-Ng%E1%BB%B1c-Nam-cat.11035741.11035751,Túi Đeo Hông & Túi Đeo Ngực Nam,Ba Lo Tui Vi Nam
https://shopee.vn/T%C3%BAi-%C4%90eo-Ch%C3%A9o-Nam-cat.11035741.11035752,Túi Đeo Chéo Nam,Ba Lo Tui Vi Nam
https://shopee.vn/B%C3%B3p-V%C3%AD-Nam-cat.11035741.11035753,Bóp/Ví Nam,Ba Lo Tui Vi Nam
https://shopee.vn/Kh%C3%A1c-cat.11035741.11035760,Khác,Ba Lo Tui Vi Nam
https://shopee.vn/Trang-ph%E1%BB%A5c-b%C3%A9-trai-cat.11036382.11036418,Trang phục bé trai,Thoi Trang Tre Em
https://shopee.vn/Trang-ph%E1%BB%A5c-b%C3%A9-g%C3%A1i-cat.11036382.11036438,Trang phục bé gái,Thoi Trang Tre Em
https://shopee.vn/Gi%C3%A0y-d%C3%A9p-b%C3%A9-trai-cat.11036382.11036461,Giày dép bé trai,Thoi Trang Tre Em
https://shopee.vn/Gi%C3%A0y-d%C3%A9p-b%C3%A9-g%C3%A1i-cat.11036382.11036469,Giày dép bé gái,Thoi Trang Tre Em
https://shopee.vn/Kh%C3%A1c-cat.11036382.11036477,Khác,Thoi Trang Tre Em
https://shopee.vn/Qu%E1%BA%A7n-%C3%A1o-em-b%C3%A9-cat.11036382.11036383,Quần áo em bé,Thoi Trang Tre Em
https://shopee.vn/Gi%C3%A0y-t%E1%BA%ADp-%C4%91i-T%E1%BA%A5t-s%C6%A1-sinh-cat.11036382.11036396,Giày tập đi & Tất sơ sinh,Thoi Trang Tre Em
https://shopee.vn/Ph%E1%BB%A5-ki%E1%BB%87n-tr%E1%BA%BB-em-cat.11036382.11036397,Phụ kiện trẻ em,Thoi Trang Tre Em
https://shopee.vn/S%E1%BB%9F-th%C3%ADch-S%C6%B0u-t%E1%BA%A7m-cat.11036932.11036933,Sở thích & Sưu tầm,Do choi
https://shopee.vn/%C4%90%E1%BB%93-ch%C6%A1i-gi%E1%BA%A3i-tr%C3%AD-cat.11036932.11036939,Do choi Giai Tri
https://shopee.vn/%C4%90%E1%BB%93-ch%C6%A1i-gi%C3%A1o-d%E1%BB%A5c-cat.11036932.11036946,Do choi Giai Tri
https://shopee.vn/%C4%90%E1%BB%93-ch%C6%A1i-cho-tr%E1%BA%BB-s%C6%A1-sinh-tr%E1%BA%BB-nh%E1%BB%8F-cat.11036932.11036954,Đồ chơi cho trẻ sơ sinh & trẻ nhỏ,Do choi
https://shopee.vn/%C4%90%E1%BB%93-ch%C6%A1i-v%E1%BA%ADn-%C4%91%E1%BB%99ng-ngo%C3%A0i-tr%E1%BB%9Di-cat.11036932.11036960,Đồ chơi vận động & ngoài trời,Do choi
https://shopee.vn/B%C3%BAp-b%C3%AA-%C4%90%E1%BB%93-ch%C6%A1i-nh%E1%BB%93i-b%C3%B4ng-cat.11036932.11036966,Búp bê & Đồ chơi nhồi bông,Do choi
https://shopee.vn/Gi%E1%BA%B7t-gi%C5%A9-Ch%C4%83m-s%C3%B3c-nh%C3%A0-c%E1%BB%ADa-cat.11036624.11036625,Giặt giũ & Chăm sóc nhà cửa,Giat Giu Cham Soc Nha Cua
https://shopee.vn/Gi%E1%BA%A5y-v%E1%BB%87-sinh-kh%C4%83n-gi%E1%BA%A5y-cat.11036624.11036634,"Giấy vệ sinh, khăn giấy",Giat Giu Cham Soc Nha Cua
https://shopee.vn/V%E1%BB%87-sinh-nh%C3%A0-c%E1%BB%ADa-cat.11036624.11036639,Vệ sinh nhà cửa,Giat Giu Cham Soc Nha Cua
https://shopee.vn/V%E1%BB%87-sinh-b%C3%A1t-%C4%91%C4%A9a-cat.11036624.11036647,Vệ sinh bát đĩa,Giat Giu Cham Soc Nha Cua
https://shopee.vn/D%E1%BB%A5ng-c%E1%BB%A5-v%E1%BB%87-sinh-cat.11036624.11036649,Dụng cụ vệ sinh,Giat Giu Cham Soc Nha Cua
https://shopee.vn/Ch%E1%BA%A5t-kh%E1%BB%AD-m%C3%B9i-l%C3%A0m-th%C6%A1m-cat.11036624.11036654,"Chất khử mùi, làm thơm",Giat Giu Cham Soc Nha Cua
https://shopee.vn/Thu%E1%BB%91c-di%E1%BB%87t-c%C3%B4n-tr%C3%B9ng-cat.11036624.11036660,Thuốc diệt côn trùng,Giat Giu Cham Soc Nha Cua
https://shopee.vn/T%C3%BAi-m%C3%A0ng-b%E1%BB%8Dc-th%E1%BB%B1c-ph%E1%BA%A9m-cat.11036624.11036664,"Túi, màng bọc thực phẩm",Giat Giu Cham Soc Nha Cua
https://shopee.vn/Bao-b%C3%AC-t%C3%BAi-%C4%91%E1%BB%B1ng-r%C3%A1c-cat.11036624.11036668,"Bao bì, túi đựng rác",Giat Giu Cham Soc Nha Cua
https://shopee.vn/Th%E1%BB%A9c-%C4%83n-cho-th%C3%BA-c%C6%B0ng-cat.11036478.11036479,Thức ăn cho thú cưng,Thuc An Cho Thu
https://shopee.vn/Ph%E1%BB%A5-ki%E1%BB%87n-cho-th%C3%BA-c%C6%B0ng-cat.11036478.11036490,Phụ kiện cho thú cưng,Thuc An Cho Thu
https://shopee.vn/V%E1%BB%87-sinh-cho-th%C3%BA-c%C6%B0ng-cat.11036478.11036498,Vệ sinh cho thú cưng,Thuc An Cho Thu
https://shopee.vn/Qu%E1%BA%A7n-%C3%A1o-th%C3%BA-c%C6%B0ng-cat.11036478.11036510,Quần áo thú cưng,Thuc An Cho Thu
https://shopee.vn/Ch%C4%83m-s%C3%B3c-s%E1%BB%A9c-kh%E1%BB%8Fe-cat.11036478.11036519,Chăm sóc sức khỏe,Thuc An Cho Thu
https://shopee.vn/L%C3%A0m-%C4%91%E1%BA%B9p-cho-th%C3%BA-c%C6%B0ng-cat.11036478.11116223,Làm đẹp cho thú cưng,Thuc An Cho Thu
https://shopee.vn/Kh%C3%A1c-cat.11036478.11036524,Khác,Thuc An Cho Thu
https://shopee.vn/Nh%C3%A0-h%C3%A0ng-%C4%82n-u%E1%BB%91ng-cat.11035898.11035905,Nhà hàng & Ăn uống,Voucher Dich Vu
https://shopee.vn/S%E1%BB%B1-ki%E1%BB%87n-Gi%E1%BA%A3i-tr%C3%AD-cat.11035898.11035899,Sự kiện & Giải trí,Voucher Dich Vu
https://shopee.vn/N%E1%BA%A1p-ti%E1%BB%81n-t%C3%A0i-kho%E1%BA%A3n-cat.11035898.11035931,Nạp tiền tài khoản,Voucher Dich Vu
https://shopee.vn/S%E1%BB%A9c-kh%E1%BB%8Fe-L%C3%A0m-%C4%91%E1%BA%B9p-cat.11035898.11035922,Sức khỏe & Làm đẹp,Voucher Dich Vu
https://shopee.vn/G%E1%BB%8Di-xe-cat.11035898.11035929,Gọi xe,Voucher Dich Vu
https://shopee.vn/Kh%C3%B3a-h%E1%BB%8Dc-cat.11035898.11035930,Khóa học,Voucher Dich Vu
https://shopee.vn/Du-l%E1%BB%8Bch-Kh%C3%A1ch-s%E1%BA%A1n-cat.11035898.11035936,Du lịch & Khách sạn,Voucher Dich Vu
https://shopee.vn/Mua-s%E1%BA%AFm-cat.11035898.11035909,Mua sắm,Voucher Dich Vu
https://shopee.vn/M%C3%A3-qu%C3%A0-t%E1%BA%B7ng-Shopee-cat.11035898.11035949,Mã quà tặng Shopee,Voucher Dich Vu
https://shopee.vn/Thanh-to%C3%A1n-h%C3%B3a-%C4%91%C6%A1n-cat.11035898.11035913,Thanh toán hóa đơn,Voucher Dich Vu
https://shopee.vn/D%E1%BB%8Bch-v%E1%BB%A5-kh%C3%A1c-cat.11035898.11035914,Dịch vụ khác,Voucher Dich Vu
https://shopee.vn/D%E1%BB%A5ng-c%E1%BB%A5-c%E1%BA%A7m-tay-cat.11116484.11116487,Dụng cụ cầm tay,Dung Cu Thiet Bi Tien Ich
https://shopee.vn/D%E1%BB%A5ng-c%E1%BB%A5-%C4%91i%E1%BB%87n-v%C3%A0-thi%E1%BA%BFt-b%E1%BB%8B-l%E1%BB%9Bn-cat.11116484.11116485,Dụng cụ điện và thiết bị lớn,Dung Cu Thiet Bi Tien Ich
https://shopee.vn/Thi%E1%BA%BFt-b%E1%BB%8B-m%E1%BA%A1ch-%C4%91i%E1%BB%87n-cat.11116484.11116489,Thiết bị mạch điện,Dung Cu Thiet Bi Tien Ich
https://shopee.vn/V%E1%BA%ADt-li%E1%BB%87u-x%C3%A2y-d%E1%BB%B1ng-cat.11116484.11116488,Vật liệu xây dựng,Dung Cu Thiet Bi Tien Ich
https://shopee.vn/Thi%E1%BA%BFt-b%E1%BB%8B-v%C3%A0-ph%E1%BB%A5-ki%E1%BB%87n-x%C3%A2y-d%E1%BB%B1ng-cat.11116484.11116486,Thiết bị và phụ kiện xây dựng,Dung Cu Thiet Bi Tien Ich
